date,order_book_id,symbol,margin,margin_rate,contract_multiplier,last_price,buy_pnl,buy_margin,buy_quantity,buy_avg_open_price,sell_pnl,sell_margin,sell_quantity,sell_avg_open_price
2010-01-04,RB1005,ÂÝÎÆ¸Ö1005,1397510.8,0.07,10.0,4579.0,-199644.4,1397510.8,436.0,4624.79,-0.0,0.0,0.0,0.0
2010-01-05,RB1005,ÂÝÎÆ¸Ö1005,1400562.8,0.07,10.0,4589.0,-156044.4,1400562.8,436.0,4624.79,-0.0,0.0,0.0,0.0
2010-01-06,RB1005,ÂÝÎÆ¸Ö1005,1410634.4,0.07,10.0,4622.0,-12164.4,1410634.4,436.0,4624.79,-0.0,0.0,0.0,0.0
2010-01-07,RB1005,ÂÝÎÆ¸Ö1005,1370042.8,0.07,10.0,4489.0,-592044.4,1370042.8,436.0,4624.79,-0.0,0.0,0.0,0.0
2010-01-08,RB1005,ÂÝÎÆ¸Ö1005,1349308.8,0.07,10.0,4462.0,-0.0,0.0,0.0,4624.79,-192758.4,1349308.8,432.0,4417.38
2010-01-11,RB1005,ÂÝÎÆ¸Ö1005,1305575.6,0.07,10.0,4516.0,-186510.8,1305575.6,413.0,4561.16,-0.0,0.0,0.0,4417.38
2010-01-12,RB1005,ÂÝÎÆ¸Ö1005,1303841.0,0.07,10.0,4510.0,-211290.8,1303841.0,413.0,4561.16,-0.0,0.0,0.0,4417.38
2010-01-13,RB1005,ÂÝÎÆ¸Ö1005,1249410.4,0.07,10.0,4418.0,-0.0,0.0,0.0,4561.16,-178487.2,1249410.4,404.0,4373.82
2010-01-14,RB1005,ÂÝÎÆ¸Ö1005,1253652.4,0.07,10.0,4433.0,-0.0,0.0,0.0,4561.16,-239087.2,1253652.4,404.0,4373.82
2010-01-15,RB1005,ÂÝÎÆ¸Ö1005,1235270.4,0.07,10.0,4368.0,-0.0,0.0,0.0,4561.16,23512.8,1235270.4,404.0,4373.82
2010-01-18,RB1005,ÂÝÎÆ¸Ö1005,1242906.0,0.07,10.0,4395.0,-0.0,0.0,0.0,4561.16,-85567.2,1242906.0,404.0,4373.82
2010-01-19,RB1005,ÂÝÎÆ¸Ö1005,1239229.6,0.07,10.0,4382.0,-0.0,0.0,0.0,4561.16,-33047.2,1239229.6,404.0,4373.82
2010-01-20,RB1005,ÂÝÎÆ¸Ö1005,1234139.2,0.07,10.0,4364.0,-0.0,0.0,0.0,4561.16,39672.8,1234139.2,404.0,4373.82
2010-01-21,RB1005,ÂÝÎÆ¸Ö1005,1230745.6,0.07,10.0,4352.0,-0.0,0.0,0.0,4561.16,88152.8,1230745.6,404.0,4373.82
2010-01-22,RB1005,ÂÝÎÆ¸Ö1005,1212646.4,0.07,10.0,4288.0,-0.0,0.0,0.0,4561.16,346712.8,1212646.4,404.0,4373.82
2010-01-25,RB1005,ÂÝÎÆ¸Ö1005,1209818.4,0.07,10.0,4278.0,-0.0,0.0,0.0,4561.16,387112.8,1209818.4,404.0,4373.82
2010-01-26,RB1005,ÂÝÎÆ¸Ö1005,1206142.0,0.07,10.0,4265.0,-0.0,0.0,0.0,4561.16,439632.8,1206142.0,404.0,4373.82
2010-01-27,RB1005,ÂÝÎÆ¸Ö1005,1220564.8,0.07,10.0,4316.0,-0.0,0.0,0.0,4561.16,233592.8,1220564.8,404.0,4373.82
2010-01-28,RB1005,ÂÝÎÆ¸Ö1005,1214060.4,0.07,10.0,4293.0,-0.0,0.0,0.0,4561.16,326512.8,1214060.4,404.0,4373.82
2010-01-29,RB1005,ÂÝÎÆ¸Ö1005,1216040.0,0.07,10.0,4300.0,-0.0,0.0,0.0,4561.16,298232.8,1216040.0,404.0,4373.82
2010-02-01,RB1005,ÂÝÎÆ¸Ö1005,1214626.0,0.07,10.0,4295.0,-0.0,0.0,0.0,4561.16,318432.8,1214626.0,404.0,4373.82
2010-02-02,RB1005,ÂÝÎÆ¸Ö1005,1176165.2,0.07,10.0,4159.0,-0.0,0.0,0.0,4561.16,867872.8,1176165.2,404.0,4373.82
2010-02-03,RB1005,ÂÝÎÆ¸Ö1005,1182104.0,0.07,10.0,4180.0,-0.0,0.0,0.0,4561.16,783032.8,1182104.0,404.0,4373.82
2010-02-04,RB1005,ÂÝÎÆ¸Ö1005,1163722.0,0.07,10.0,4115.0,-0.0,0.0,0.0,4561.16,1045632.8,1163722.0,404.0,4373.82
2010-02-05,RB1005,ÂÝÎÆ¸Ö1005,1162025.2,0.07,10.0,4109.0,-0.0,0.0,0.0,4561.16,1069872.8,1162025.2,404.0,4373.82
2010-02-08,RB1005,ÂÝÎÆ¸Ö1005,1167681.2,0.07,10.0,4129.0,-0.0,0.0,0.0,4561.16,989072.8,1167681.2,404.0,4373.82
2010-02-09,RB1005,ÂÝÎÆ¸Ö1005,1175599.6,0.07,10.0,4157.0,-0.0,0.0,0.0,4561.16,875952.8,1175599.6,404.0,4373.82
2010-02-10,RB1005,ÂÝÎÆ¸Ö1005,1187194.4,0.07,10.0,4198.0,-0.0,0.0,0.0,4561.16,710312.8,1187194.4,404.0,4373.82
2010-02-11,RB1005,ÂÝÎÆ¸Ö1005,1195961.2,0.07,10.0,4229.0,-0.0,0.0,0.0,4561.16,585072.8,1195961.2,404.0,4373.82
2010-02-12,RB1005,ÂÝÎÆ¸Ö1005,1259136.9,0.07,10.0,4293.0,-179876.7,1259136.9,419.0,4335.93,0.0,0.0,0.0,4373.82
2010-02-22,RB1005,ÂÝÎÆ¸Ö1005,1220711.1,0.07,10.0,4243.0,-0.0,0.0,0.0,4335.93,-174387.3,1220711.1,411.0,4200.57
2010-02-23,RB1005,ÂÝÎÆ¸Ö1005,1184249.5,0.07,10.0,4283.0,-169178.5,1184249.5,395.0,4325.83,-0.0,0.0,0.0,4200.57
2010-02-24,RB1005,ÂÝÎÆ¸Ö1005,1175954.5,0.07,10.0,4253.0,-287678.5,1175954.5,395.0,4325.83,-0.0,0.0,0.0,4200.57
2010-02-25,RB1005,ÂÝÎÆ¸Ö1005,1137271.8,0.07,10.0,4209.0,-0.0,0.0,0.0,4325.83,-162467.4,1137271.8,386.0,4166.91
2010-02-26,RB1005,ÂÝÎÆ¸Ö1005,1138622.8,0.07,10.0,4214.0,-0.0,0.0,0.0,4325.83,-181767.4,1138622.8,386.0,4166.91
2010-03-01,RB1005,ÂÝÎÆ¸Ö1005,1137271.8,0.07,10.0,4209.0,-0.0,0.0,0.0,4325.83,-162467.4,1137271.8,386.0,4166.91
2010-03-02,RB1005,ÂÝÎÆ¸Ö1005,1122681.0,0.07,10.0,4155.0,-0.0,0.0,0.0,4325.83,45972.6,1122681.0,386.0,4166.91
2010-03-03,RB1005,ÂÝÎÆ¸Ö1005,1119438.6,0.07,10.0,4143.0,-0.0,0.0,0.0,4325.83,92292.6,1119438.6,386.0,4166.91
2010-03-04,RB1005,ÂÝÎÆ¸Ö1005,1118898.2,0.07,10.0,4141.0,-0.0,0.0,0.0,4325.83,100012.6,1118898.2,386.0,4166.91
2010-03-05,RB1005,ÂÝÎÆ¸Ö1005,1126193.6,0.07,10.0,4168.0,-0.0,0.0,0.0,4325.83,-4207.4,1126193.6,386.0,4166.91
2010-03-08,RB1005,ÂÝÎÆ¸Ö1005,1120138.6,0.07,10.0,4189.0,-160019.8,1120138.6,382.0,4230.89,-0.0,0.0,0.0,4166.91
2010-03-09,RB1005,ÂÝÎÆ¸Ö1005,0.0,0.07,10.0,4195.0,-0.0,0.0,0.0,4230.89,-0.0,0.0,0.0,4166.91
2010-03-09,RB1010,ÂÝÎÆ¸Ö1010,1239666.4,0.07,10.0,4636.0,-177095.2,1239666.4,382.0,4682.36,-0.0,0.0,0.0,0.0
2010-03-10,RB1010,ÂÝÎÆ¸Ö1010,1243142.6,0.07,10.0,4649.0,-127435.2,1243142.6,382.0,4682.36,-0.0,0.0,0.0,0.0
2010-03-11,RB1010,ÂÝÎÆ¸Ö1010,1243944.8,0.07,10.0,4652.0,-115975.2,1243944.8,382.0,4682.36,-0.0,0.0,0.0,0.0
2010-03-12,RB1010,ÂÝÎÆ¸Ö1010,1245549.2,0.07,10.0,4658.0,-93055.2,1245549.2,382.0,4682.36,-0.0,0.0,0.0,0.0
2010-03-15,RB1010,ÂÝÎÆ¸Ö1010,1246084.0,0.07,10.0,4660.0,-85415.2,1246084.0,382.0,4682.36,-0.0,0.0,0.0,0.0
2010-03-16,RB1010,ÂÝÎÆ¸Ö1010,1278172.0,0.07,10.0,4780.0,372984.8,1278172.0,382.0,4682.36,-0.0,0.0,0.0,0.0
2010-03-17,RB1010,ÂÝÎÆ¸Ö1010,1273626.2,0.07,10.0,4763.0,308044.8,1273626.2,382.0,4682.36,-0.0,0.0,0.0,0.0
2010-03-18,RB1010,ÂÝÎÆ¸Ö1010,1265604.2,0.07,10.0,4733.0,193444.8,1265604.2,382.0,4682.36,-0.0,0.0,0.0,0.0
2010-03-19,RB1010,ÂÝÎÆ¸Ö1010,1272021.8,0.07,10.0,4757.0,285124.8,1272021.8,382.0,4682.36,-0.0,0.0,0.0,0.0
2010-03-22,RB1010,ÂÝÎÆ¸Ö1010,1274963.2,0.07,10.0,4768.0,327144.8,1274963.2,382.0,4682.36,-0.0,0.0,0.0,0.0
2010-03-23,RB1010,ÂÝÎÆ¸Ö1010,1268010.8,0.07,10.0,4742.0,227824.8,1268010.8,382.0,4682.36,-0.0,0.0,0.0,0.0
2010-03-24,RB1010,ÂÝÎÆ¸Ö1010,1277637.2,0.07,10.0,4778.0,365344.8,1277637.2,382.0,4682.36,-0.0,0.0,0.0,0.0
2010-03-25,RB1010,ÂÝÎÆ¸Ö1010,1282450.4,0.07,10.0,4796.0,434104.8,1282450.4,382.0,4682.36,-0.0,0.0,0.0,0.0
2010-03-26,RB1010,ÂÝÎÆ¸Ö1010,1281648.2,0.07,10.0,4793.0,422644.8,1281648.2,382.0,4682.36,-0.0,0.0,0.0,0.0
2010-03-29,RB1010,ÂÝÎÆ¸Ö1010,1286194.0,0.07,10.0,4810.0,487584.8,1286194.0,382.0,4682.36,-0.0,0.0,0.0,0.0
2010-03-30,RB1010,ÂÝÎÆ¸Ö1010,1273091.4,0.07,10.0,4761.0,300404.8,1273091.4,382.0,4682.36,-0.0,0.0,0.0,0.0
2010-03-31,RB1010,ÂÝÎÆ¸Ö1010,1271487.0,0.07,10.0,4755.0,277484.8,1271487.0,382.0,4682.36,-0.0,0.0,0.0,0.0
2010-04-01,RB1010,ÂÝÎÆ¸Ö1010,1270952.2,0.07,10.0,4753.0,269844.8,1270952.2,382.0,4682.36,-0.0,0.0,0.0,0.0
2010-04-02,RB1010,ÂÝÎÆ¸Ö1010,1279776.4,0.07,10.0,4786.0,395904.8,1279776.4,382.0,4682.36,-0.0,0.0,0.0,0.0
2010-04-06,RB1010,ÂÝÎÆ¸Ö1010,1289937.6,0.07,10.0,4824.0,541064.8,1289937.6,382.0,4682.36,-0.0,0.0,0.0,0.0
2010-04-07,RB1010,ÂÝÎÆ¸Ö1010,1295820.4,0.07,10.0,4846.0,625104.8,1295820.4,382.0,4682.36,-0.0,0.0,0.0,0.0
2010-04-08,RB1010,ÂÝÎÆ¸Ö1010,1286194.0,0.07,10.0,4810.0,487584.8,1286194.0,382.0,4682.36,-0.0,0.0,0.0,0.0
2010-04-09,RB1010,ÂÝÎÆ¸Ö1010,1296355.2,0.07,10.0,4848.0,632744.8,1296355.2,382.0,4682.36,-0.0,0.0,0.0,0.0
2010-04-12,RB1010,ÂÝÎÆ¸Ö1010,1302772.8,0.07,10.0,4872.0,724424.8,1302772.8,382.0,4682.36,-0.0,0.0,0.0,0.0
2010-04-13,RB1010,ÂÝÎÆ¸Ö1010,1305179.4,0.07,10.0,4881.0,758804.8,1305179.4,382.0,4682.36,-0.0,0.0,0.0,0.0
2010-04-14,RB1010,ÂÝÎÆ¸Ö1010,1297959.6,0.07,10.0,4854.0,655664.8,1297959.6,382.0,4682.36,-0.0,0.0,0.0,0.0
2010-04-15,RB1010,ÂÝÎÆ¸Ö1010,1288600.6,0.07,10.0,4819.0,521964.8,1288600.6,382.0,4682.36,-0.0,0.0,0.0,0.0
2010-04-16,RB1010,ÂÝÎÆ¸Ö1010,1293681.2,0.07,10.0,4838.0,594544.8,1293681.2,382.0,4682.36,-0.0,0.0,0.0,0.0
2010-04-19,RB1010,ÂÝÎÆ¸Ö1010,1107691.2,0.07,10.0,4752.0,0.0,0.0,0.0,4682.36,-158241.6,1107691.2,333.0,4704.48
2010-04-20,RB1010,ÂÝÎÆ¸Ö1010,1112353.2,0.07,10.0,4772.0,0.0,0.0,0.0,4682.36,-224841.6,1112353.2,333.0,4704.48
2010-04-21,RB1010,ÂÝÎÆ¸Ö1010,1109322.9,0.07,10.0,4759.0,0.0,0.0,0.0,4682.36,-181551.6,1109322.9,333.0,4704.48
2010-04-22,RB1010,ÂÝÎÆ¸Ö1010,1103495.4,0.07,10.0,4734.0,0.0,0.0,0.0,4682.36,-98301.6,1103495.4,333.0,4704.48
2010-04-23,RB1010,ÂÝÎÆ¸Ö1010,1104894.0,0.07,10.0,4740.0,0.0,0.0,0.0,4682.36,-118281.6,1104894.0,333.0,4704.48
2010-04-26,RB1010,ÂÝÎÆ¸Ö1010,1103495.4,0.07,10.0,4734.0,0.0,0.0,0.0,4682.36,-98301.6,1103495.4,333.0,4704.48
2010-04-27,RB1010,ÂÝÎÆ¸Ö1010,1090441.8,0.07,10.0,4678.0,-0.0,0.0,0.0,4682.36,88178.4,1090441.8,333.0,4704.48
2010-04-28,RB1010,ÂÝÎÆ¸Ö1010,1069462.8,0.07,10.0,4588.0,-0.0,0.0,0.0,4682.36,387878.4,1069462.8,333.0,4704.48
2010-04-29,RB1010,ÂÝÎÆ¸Ö1010,1068297.3,0.07,10.0,4583.0,-0.0,0.0,0.0,4682.36,404528.4,1068297.3,333.0,4704.48
2010-04-30,RB1010,ÂÝÎÆ¸Ö1010,1080418.5,0.07,10.0,4635.0,-0.0,0.0,0.0,4682.36,231368.4,1080418.5,333.0,4704.48
2010-05-04,RB1010,ÂÝÎÆ¸Ö1010,1087411.5,0.07,10.0,4665.0,-0.0,0.0,0.0,4682.36,131468.4,1087411.5,333.0,4704.48
2010-05-05,RB1010,ÂÝÎÆ¸Ö1010,1084614.3,0.07,10.0,4653.0,-0.0,0.0,0.0,4682.36,171428.4,1084614.3,333.0,4704.48
2010-05-06,RB1010,ÂÝÎÆ¸Ö1010,1080884.7,0.07,10.0,4637.0,-0.0,0.0,0.0,4682.36,224708.4,1080884.7,333.0,4704.48
2010-05-07,RB1010,ÂÝÎÆ¸Ö1010,1059439.5,0.07,10.0,4545.0,-0.0,0.0,0.0,4682.36,531068.4,1059439.5,333.0,4704.48
2010-05-10,RB1010,ÂÝÎÆ¸Ö1010,1056875.4,0.07,10.0,4534.0,-0.0,0.0,0.0,4682.36,567698.4,1056875.4,333.0,4704.48
2010-05-11,RB1010,ÂÝÎÆ¸Ö1010,1044054.9,0.07,10.0,4479.0,-0.0,0.0,0.0,4682.36,750848.4,1044054.9,333.0,4704.48
2010-05-12,RB1010,ÂÝÎÆ¸Ö1010,1027038.6,0.07,10.0,4406.0,-0.0,0.0,0.0,4682.36,993938.4,1027038.6,333.0,4704.48
2010-05-13,RB1010,ÂÝÎÆ¸Ö1010,1025640.0,0.07,10.0,4400.0,-0.0,0.0,0.0,4682.36,1013918.4,1025640.0,333.0,4704.48
2010-05-14,RB1010,ÂÝÎÆ¸Ö1010,1017947.7,0.07,10.0,4367.0,-0.0,0.0,0.0,4682.36,1123808.4,1017947.7,333.0,4704.48
2010-05-17,RB1010,ÂÝÎÆ¸Ö1010,975756.6,0.07,10.0,4186.0,-0.0,0.0,0.0,4682.36,1726538.4,975756.6,333.0,4704.48
2010-05-18,RB1010,ÂÝÎÆ¸Ö1010,981117.9,0.07,10.0,4209.0,-0.0,0.0,0.0,4682.36,1649948.4,981117.9,333.0,4704.48
2010-05-19,RB1010,ÂÝÎÆ¸Ö1010,984381.3,0.07,10.0,4223.0,-0.0,0.0,0.0,4682.36,1603328.4,984381.3,333.0,4704.48
2010-05-20,RB1010,ÂÝÎÆ¸Ö1010,990908.1,0.07,10.0,4251.0,-0.0,0.0,0.0,4682.36,1510088.4,990908.1,333.0,4704.48
2010-05-21,RB1010,ÂÝÎÆ¸Ö1010,985546.8,0.07,10.0,4228.0,-0.0,0.0,0.0,4682.36,1586678.4,985546.8,333.0,4704.48
2010-05-24,RB1010,ÂÝÎÆ¸Ö1010,1006525.8,0.07,10.0,4318.0,-0.0,0.0,0.0,4682.36,1286978.4,1006525.8,333.0,4704.48
2010-05-25,RB1010,ÂÝÎÆ¸Ö1010,993938.4,0.07,10.0,4264.0,-0.0,0.0,0.0,4682.36,1466798.4,993938.4,333.0,4704.48
2010-05-26,RB1010,ÂÝÎÆ¸Ö1010,995803.2,0.07,10.0,4272.0,-0.0,0.0,0.0,4682.36,1440158.4,995803.2,333.0,4704.48
2010-05-27,RB1010,ÂÝÎÆ¸Ö1010,995337.0,0.07,10.0,4270.0,-0.0,0.0,0.0,4682.36,1446818.4,995337.0,333.0,4704.48
2010-05-28,RB1010,ÂÝÎÆ¸Ö1010,992073.6,0.07,10.0,4256.0,-0.0,0.0,0.0,4682.36,1493438.4,992073.6,333.0,4704.48
2010-05-31,RB1010,ÂÝÎÆ¸Ö1010,982516.5,0.07,10.0,4215.0,-0.0,0.0,0.0,4682.36,1629968.4,982516.5,333.0,4704.48
2010-06-01,RB1010,ÂÝÎÆ¸Ö1010,973891.8,0.07,10.0,4178.0,-0.0,0.0,0.0,4682.36,1753178.4,973891.8,333.0,4704.48
2010-06-02,RB1010,ÂÝÎÆ¸Ö1010,975523.5,0.07,10.0,4185.0,-0.0,0.0,0.0,4682.36,1729868.4,975523.5,333.0,4704.48
2010-06-03,RB1010,ÂÝÎÆ¸Ö1010,979020.0,0.07,10.0,4200.0,-0.0,0.0,0.0,4682.36,1679918.4,979020.0,333.0,4704.48
2010-06-04,RB1010,ÂÝÎÆ¸Ö1010,974358.0,0.07,10.0,4180.0,-0.0,0.0,0.0,4682.36,1746518.4,974358.0,333.0,4704.48
2010-06-07,RB1010,ÂÝÎÆ¸Ö1010,937295.1,0.07,10.0,4021.0,-0.0,0.0,0.0,4682.36,2275988.4,937295.1,333.0,4704.48
2010-06-08,RB1010,ÂÝÎÆ¸Ö1010,946619.1,0.07,10.0,4061.0,-0.0,0.0,0.0,4682.36,2142788.4,946619.1,333.0,4704.48
2010-06-09,RB1010,ÂÝÎÆ¸Ö1010,956409.3,0.07,10.0,4103.0,-0.0,0.0,0.0,4682.36,2002928.4,956409.3,333.0,4704.48
2010-06-10,RB1010,ÂÝÎÆ¸Ö1010,951514.2,0.07,10.0,4082.0,-0.0,0.0,0.0,4682.36,2072858.4,951514.2,333.0,4704.48
2010-06-11,RB1010,ÂÝÎÆ¸Ö1010,958274.1,0.07,10.0,4111.0,-0.0,0.0,0.0,4682.36,1976288.4,958274.1,333.0,4704.48
2010-06-17,RB1010,ÂÝÎÆ¸Ö1010,958507.2,0.07,10.0,4112.0,-0.0,0.0,0.0,4682.36,1972958.4,958507.2,333.0,4704.48
2010-06-18,RB1010,ÂÝÎÆ¸Ö1010,952912.8,0.07,10.0,4088.0,-0.0,0.0,0.0,4682.36,2052878.4,952912.8,333.0,4704.48
2010-06-21,RB1010,ÂÝÎÆ¸Ö1010,970395.3,0.07,10.0,4163.0,-0.0,0.0,0.0,4682.36,1803128.4,970395.3,333.0,4704.48
2010-06-22,RB1010,ÂÝÎÆ¸Ö1010,964567.8,0.07,10.0,4138.0,-0.0,0.0,0.0,4682.36,1886378.4,964567.8,333.0,4704.48
2010-06-23,RB1010,ÂÝÎÆ¸Ö1010,951048.0,0.07,10.0,4080.0,-0.0,0.0,0.0,4682.36,2079518.4,951048.0,333.0,4704.48
2010-06-24,RB1010,ÂÝÎÆ¸Ö1010,955943.1,0.07,10.0,4101.0,-0.0,0.0,0.0,4682.36,2009588.4,955943.1,333.0,4704.48
2010-06-25,RB1010,ÂÝÎÆ¸Ö1010,951980.4,0.07,10.0,4084.0,-0.0,0.0,0.0,4682.36,2066198.4,951980.4,333.0,4704.48
2010-06-28,RB1010,ÂÝÎÆ¸Ö1010,941490.9,0.07,10.0,4039.0,-0.0,0.0,0.0,4682.36,2216048.4,941490.9,333.0,4704.48
2010-06-29,RB1010,ÂÝÎÆ¸Ö1010,931001.4,0.07,10.0,3994.0,-0.0,0.0,0.0,4682.36,2365898.4,931001.4,333.0,4704.48
2010-06-30,RB1010,ÂÝÎÆ¸Ö1010,928903.5,0.07,10.0,3985.0,-0.0,0.0,0.0,4682.36,2395868.4,928903.5,333.0,4704.48
2010-07-01,RB1010,ÂÝÎÆ¸Ö1010,923076.0,0.07,10.0,3960.0,-0.0,0.0,0.0,4682.36,2479118.4,923076.0,333.0,4704.48
2010-07-02,RB1010,ÂÝÎÆ¸Ö1010,926572.5,0.07,10.0,3975.0,-0.0,0.0,0.0,4682.36,2429168.4,926572.5,333.0,4704.48
2010-07-05,RB1010,ÂÝÎÆ¸Ö1010,929835.9,0.07,10.0,3989.0,-0.0,0.0,0.0,4682.36,2382548.4,929835.9,333.0,4704.48
2010-07-06,RB1010,ÂÝÎÆ¸Ö1010,924008.4,0.07,10.0,3964.0,-0.0,0.0,0.0,4682.36,2465798.4,924008.4,333.0,4704.48
2010-07-07,RB1010,ÂÝÎÆ¸Ö1010,924241.5,0.07,10.0,3965.0,-0.0,0.0,0.0,4682.36,2462468.4,924241.5,333.0,4704.48
2010-07-08,RB1010,ÂÝÎÆ¸Ö1010,917248.5,0.07,10.0,3935.0,-0.0,0.0,0.0,4682.36,2562368.4,917248.5,333.0,4704.48
2010-07-09,RB1010,ÂÝÎÆ¸Ö1010,920745.0,0.07,10.0,3950.0,-0.0,0.0,0.0,4682.36,2512418.4,920745.0,333.0,4704.48
2010-07-12,RB1010,ÂÝÎÆ¸Ö1010,919113.3,0.07,10.0,3943.0,-0.0,0.0,0.0,4682.36,2535728.4,919113.3,333.0,4704.48
2010-07-13,RB1010,ÂÝÎÆ¸Ö1010,913052.7,0.07,10.0,3917.0,-0.0,0.0,0.0,4682.36,2622308.4,913052.7,333.0,4704.48
2010-07-14,RB1010,ÂÝÎÆ¸Ö1010,910488.6,0.07,10.0,3906.0,-0.0,0.0,0.0,4682.36,2658938.4,910488.6,333.0,4704.48
2010-07-15,RB1010,ÂÝÎÆ¸Ö1010,911187.9,0.07,10.0,3909.0,-0.0,0.0,0.0,4682.36,2648948.4,911187.9,333.0,4704.48
2010-07-16,RB1010,ÂÝÎÆ¸Ö1010,912819.6,0.07,10.0,3916.0,-0.0,0.0,0.0,4682.36,2625638.4,912819.6,333.0,4704.48
2010-07-19,RB1010,ÂÝÎÆ¸Ö1010,924474.6,0.07,10.0,3966.0,-0.0,0.0,0.0,4682.36,2459138.4,924474.6,333.0,4704.48
2010-07-20,RB1010,ÂÝÎÆ¸Ö1010,0.0,0.07,10.0,4014.0,-0.0,0.0,0.0,4682.36,0.0,0.0,0.0,4704.48
2010-07-20,RB1101,ÂÝÎÆ¸Ö1101,1236839.8,0.07,10.0,4187.0,-176691.4,1236839.8,422.0,4228.87,-0.0,0.0,0.0,4145.13
2010-07-21,RB1101,ÂÝÎÆ¸Ö1101,1233885.8,0.07,10.0,4177.0,-218891.4,1233885.8,422.0,4228.87,-0.0,0.0,0.0,4145.13
2010-07-22,RB1101,ÂÝÎÆ¸Ö1101,1232704.2,0.07,10.0,4173.0,-235771.4,1232704.2,422.0,4228.87,-0.0,0.0,0.0,4145.13
2010-07-23,RB1101,ÂÝÎÆ¸Ö1101,1247474.2,0.07,10.0,4223.0,-24771.4,1247474.2,422.0,4228.87,-0.0,0.0,0.0,4145.13
2010-07-26,RB1101,ÂÝÎÆ¸Ö1101,1245111.0,0.07,10.0,4215.0,-58531.4,1245111.0,422.0,4228.87,-0.0,0.0,0.0,4145.13
2010-07-27,RB1101,ÂÝÎÆ¸Ö1101,1227387.0,0.07,10.0,4155.0,-311731.4,1227387.0,422.0,4228.87,-0.0,0.0,0.0,4145.13
2010-07-28,RB1101,ÂÝÎÆ¸Ö1101,1246588.0,0.07,10.0,4220.0,-37431.4,1246588.0,422.0,4228.87,-0.0,0.0,0.0,4145.13
2010-07-29,RB1101,ÂÝÎÆ¸Ö1101,1245406.4,0.07,10.0,4216.0,-54311.4,1245406.4,422.0,4228.87,-0.0,0.0,0.0,4145.13
2010-07-30,RB1101,ÂÝÎÆ¸Ö1101,1265789.0,0.07,10.0,4285.0,236868.6,1265789.0,422.0,4228.87,-0.0,0.0,0.0,4145.13
2010-08-02,RB1101,ÂÝÎÆ¸Ö1101,1278195.8,0.07,10.0,4327.0,414108.6,1278195.8,422.0,4228.87,-0.0,0.0,0.0,4145.13
2010-08-03,RB1101,ÂÝÎÆ¸Ö1101,1269629.2,0.07,10.0,4298.0,291728.6,1269629.2,422.0,4228.87,-0.0,0.0,0.0,4145.13
2010-08-04,RB1101,ÂÝÎÆ¸Ö1101,1277309.6,0.07,10.0,4324.0,401448.6,1277309.6,422.0,4228.87,-0.0,0.0,0.0,4145.13
2010-08-05,RB1101,ÂÝÎÆ¸Ö1101,1270810.8,0.07,10.0,4302.0,308608.6,1270810.8,422.0,4228.87,-0.0,0.0,0.0,4145.13
2010-08-06,RB1101,ÂÝÎÆ¸Ö1101,1275241.8,0.07,10.0,4317.0,371908.6,1275241.8,422.0,4228.87,-0.0,0.0,0.0,4145.13
2010-08-09,RB1101,ÂÝÎÆ¸Ö1101,1293556.6,0.07,10.0,4379.0,633548.6,1293556.6,422.0,4228.87,-0.0,0.0,0.0,4145.13
2010-08-10,RB1101,ÂÝÎÆ¸Ö1101,1287057.8,0.07,10.0,4357.0,540708.6,1287057.8,422.0,4228.87,-0.0,0.0,0.0,4145.13
2010-08-11,RB1101,ÂÝÎÆ¸Ö1101,1288239.4,0.07,10.0,4361.0,557588.6,1288239.4,422.0,4228.87,-0.0,0.0,0.0,4145.13
2010-08-12,RB1101,ÂÝÎÆ¸Ö1101,1270515.4,0.07,10.0,4301.0,304388.6,1270515.4,422.0,4228.87,-0.0,0.0,0.0,4145.13
2010-08-13,RB1101,ÂÝÎÆ¸Ö1101,1280263.6,0.07,10.0,4334.0,443648.6,1280263.6,422.0,4228.87,-0.0,0.0,0.0,4145.13
2010-08-16,RB1101,ÂÝÎÆ¸Ö1101,1288239.4,0.07,10.0,4361.0,557588.6,1288239.4,422.0,4228.87,-0.0,0.0,0.0,4145.13
2010-08-17,RB1101,ÂÝÎÆ¸Ö1101,1290011.8,0.07,10.0,4367.0,582908.6,1290011.8,422.0,4228.87,-0.0,0.0,0.0,4145.13
2010-08-18,RB1101,ÂÝÎÆ¸Ö1101,1288239.4,0.07,10.0,4361.0,557588.6,1288239.4,422.0,4228.87,-0.0,0.0,0.0,4145.13
2010-08-19,RB1101,ÂÝÎÆ¸Ö1101,1289421.0,0.07,10.0,4365.0,574468.6,1289421.0,422.0,4228.87,-0.0,0.0,0.0,4145.13
2010-08-20,RB1101,ÂÝÎÆ¸Ö1101,1273469.4,0.07,10.0,4311.0,346588.6,1273469.4,422.0,4228.87,-0.0,0.0,0.0,4145.13
2010-08-23,RB1101,ÂÝÎÆ¸Ö1101,1234837.8,0.07,10.0,4261.0,0.0,0.0,0.0,4228.87,-176405.4,1234837.8,414.0,4218.39
2010-08-24,RB1101,ÂÝÎÆ¸Ö1101,1228172.4,0.07,10.0,4238.0,0.0,0.0,0.0,4228.87,-81185.4,1228172.4,414.0,4218.39
2010-08-25,RB1101,ÂÝÎÆ¸Ö1101,1224405.0,0.07,10.0,4225.0,-0.0,0.0,0.0,4228.87,-27365.4,1224405.0,414.0,4218.39
2010-08-26,RB1101,ÂÝÎÆ¸Ö1101,1233678.6,0.07,10.0,4257.0,0.0,0.0,0.0,4228.87,-159845.4,1233678.6,414.0,4218.39
2010-08-27,RB1101,ÂÝÎÆ¸Ö1101,1236866.4,0.07,10.0,4268.0,0.0,0.0,0.0,4228.87,-205385.4,1236866.4,414.0,4218.39
2010-08-30,RB1101,ÂÝÎÆ¸Ö1101,1188975.2,0.07,10.0,4333.0,-169853.6,1188975.2,392.0,4376.33,-0.0,0.0,0.0,4218.39
2010-08-31,RB1101,ÂÝÎÆ¸Ö1101,1159065.6,0.07,10.0,4312.0,-0.0,0.0,0.0,4376.33,-165580.8,1159065.6,384.0,4268.88
2010-09-01,RB1101,ÂÝÎÆ¸Ö1101,1124121.6,0.07,10.0,4352.0,-160588.8,1124121.6,369.0,4395.52,-0.0,0.0,0.0,4268.88
2010-09-02,RB1101,ÂÝÎÆ¸Ö1101,1132903.8,0.07,10.0,4386.0,-35128.8,1132903.8,369.0,4395.52,-0.0,0.0,0.0,4268.88
2010-09-03,RB1101,ÂÝÎÆ¸Ö1101,1127479.5,0.07,10.0,4365.0,-112618.8,1127479.5,369.0,4395.52,-0.0,0.0,0.0,4268.88
2010-09-06,RB1101,ÂÝÎÆ¸Ö1101,1184047.2,0.07,10.0,4584.0,695491.2,1184047.2,369.0,4395.52,-0.0,0.0,0.0,4268.88
2010-09-07,RB1101,ÂÝÎÆ¸Ö1101,1179914.4,0.07,10.0,4568.0,636451.2,1179914.4,369.0,4395.52,-0.0,0.0,0.0,4268.88
2010-09-08,RB1101,ÂÝÎÆ¸Ö1101,1172165.4,0.07,10.0,4538.0,525751.2,1172165.4,369.0,4395.52,-0.0,0.0,0.0,4268.88
2010-09-09,RB1101,ÂÝÎÆ¸Ö1101,1146593.7,0.07,10.0,4439.0,160441.2,1146593.7,369.0,4395.52,-0.0,0.0,0.0,4268.88
2010-09-10,RB1101,ÂÝÎÆ¸Ö1101,1160800.2,0.07,10.0,4494.0,363391.2,1160800.2,369.0,4395.52,-0.0,0.0,0.0,4268.88
2010-09-13,RB1101,ÂÝÎÆ¸Ö1101,1157442.3,0.07,10.0,4481.0,315421.2,1157442.3,369.0,4395.52,-0.0,0.0,0.0,4268.88
2010-09-14,RB1101,ÂÝÎÆ¸Ö1101,1141169.4,0.07,10.0,4418.0,82951.2,1141169.4,369.0,4395.52,-0.0,0.0,0.0,4268.88
2010-09-15,RB1101,ÂÝÎÆ¸Ö1101,1140911.1,0.07,10.0,4417.0,79261.2,1140911.1,369.0,4395.52,-0.0,0.0,0.0,4268.88
2010-09-16,RB1101,ÂÝÎÆ¸Ö1101,1103288.2,0.07,10.0,4366.0,-0.0,0.0,0.0,4395.52,-157612.6,1103288.2,361.0,4322.34
2010-09-17,RB1101,ÂÝÎÆ¸Ö1101,1101519.3,0.07,10.0,4359.0,-0.0,0.0,0.0,4395.52,-132342.6,1101519.3,361.0,4322.34
2010-09-20,RB1101,ÂÝÎÆ¸Ö1101,1106320.6,0.07,10.0,4378.0,-0.0,0.0,0.0,4395.52,-200932.6,1106320.6,361.0,4322.34
2010-09-21,RB1101,ÂÝÎÆ¸Ö1101,1090905.9,0.07,10.0,4317.0,-0.0,0.0,0.0,4395.52,19277.4,1090905.9,361.0,4322.34
2010-09-27,RB1101,ÂÝÎÆ¸Ö1101,1075996.6,0.07,10.0,4258.0,-0.0,0.0,0.0,4395.52,232267.4,1075996.6,361.0,4322.34
2010-09-28,RB1101,ÂÝÎÆ¸Ö1101,1074227.7,0.07,10.0,4251.0,-0.0,0.0,0.0,4395.52,257537.4,1074227.7,361.0,4322.34
2010-09-29,RB1101,ÂÝÎÆ¸Ö1101,1071448.0,0.07,10.0,4240.0,-0.0,0.0,0.0,4395.52,297247.4,1071448.0,361.0,4322.34
2010-09-30,RB1101,ÂÝÎÆ¸Ö1101,1077260.1,0.07,10.0,4263.0,-0.0,0.0,0.0,4395.52,214217.4,1077260.1,361.0,4322.34
2010-10-08,RB1101,ÂÝÎÆ¸Ö1101,1081303.3,0.07,10.0,4279.0,-0.0,0.0,0.0,4395.52,156457.4,1081303.3,361.0,4322.34
2010-10-11,RB1101,ÂÝÎÆ¸Ö1101,1096970.7,0.07,10.0,4341.0,-0.0,0.0,0.0,4395.52,-67362.6,1096970.7,361.0,4322.34
2010-10-12,RB1101,ÂÝÎÆ¸Ö1101,1087620.8,0.07,10.0,4304.0,-0.0,0.0,0.0,4395.52,66207.4,1087620.8,361.0,4322.34
2010-10-13,RB1101,ÂÝÎÆ¸Ö1101,1092674.8,0.07,10.0,4324.0,-0.0,0.0,0.0,4395.52,-5992.6,1092674.8,361.0,4322.34
2010-10-14,RB1101,ÂÝÎÆ¸Ö1101,0.0,0.07,10.0,4291.0,-0.0,0.0,0.0,4395.52,0.0,0.0,0.0,4322.34
2010-10-14,RB1105,ÂÝÎÆ¸Ö1105,1077339.2,0.07,10.0,4474.0,-153905.6,1077339.2,344.0,4518.74,-0.0,0.0,0.0,4429.26
2010-10-15,RB1105,ÂÝÎÆ¸Ö1105,1083118.4,0.07,10.0,4498.0,-71345.6,1083118.4,344.0,4518.74,-0.0,0.0,0.0,4429.26
2010-10-18,RB1105,ÂÝÎÆ¸Ö1105,1088416.0,0.07,10.0,4520.0,4334.4,1088416.0,344.0,4518.74,-0.0,0.0,0.0,4429.26
2010-10-19,RB1105,ÂÝÎÆ¸Ö1105,1080710.4,0.07,10.0,4488.0,-105745.6,1080710.4,344.0,4518.74,-0.0,0.0,0.0,4429.26
2010-10-20,RB1105,ÂÝÎÆ¸Ö1105,1042913.9,0.07,10.0,4421.0,-0.0,0.0,0.0,4518.74,-148987.7,1042913.9,337.0,4376.79
2010-10-21,RB1105,ÂÝÎÆ¸Ö1105,1044329.3,0.07,10.0,4427.0,-0.0,0.0,0.0,4518.74,-169207.7,1044329.3,337.0,4376.79
2010-10-22,RB1105,ÂÝÎÆ¸Ö1105,1041026.7,0.07,10.0,4413.0,-0.0,0.0,0.0,4518.74,-122027.7,1041026.7,337.0,4376.79
2010-10-25,RB1105,ÂÝÎÆ¸Ö1105,1000769.0,0.07,10.0,4510.0,-142967.0,1000769.0,317.0,4555.1,-0.0,0.0,0.0,4376.79
2010-10-26,RB1105,ÂÝÎÆ¸Ö1105,993446.3,0.07,10.0,4477.0,-247577.0,993446.3,317.0,4555.1,-0.0,0.0,0.0,4376.79
2010-10-27,RB1105,ÂÝÎÆ¸Ö1105,995443.4,0.07,10.0,4486.0,-219047.0,995443.4,317.0,4555.1,-0.0,0.0,0.0,4376.79
2010-10-28,RB1105,ÂÝÎÆ¸Ö1105,999437.6,0.07,10.0,4504.0,-161987.0,999437.6,317.0,4555.1,-0.0,0.0,0.0,4376.79
2010-10-29,RB1105,ÂÝÎÆ¸Ö1105,999659.5,0.07,10.0,4505.0,-158817.0,999659.5,317.0,4555.1,-0.0,0.0,0.0,4376.79
2010-11-01,RB1105,ÂÝÎÆ¸Ö1105,1010310.7,0.07,10.0,4553.0,-6657.0,1010310.7,317.0,4555.1,-0.0,0.0,0.0,4376.79
2010-11-02,RB1105,ÂÝÎÆ¸Ö1105,1007869.8,0.07,10.0,4542.0,-41527.0,1007869.8,317.0,4555.1,-0.0,0.0,0.0,4376.79
2010-11-03,RB1105,ÂÝÎÆ¸Ö1105,1009866.9,0.07,10.0,4551.0,-12997.0,1009866.9,317.0,4555.1,-0.0,0.0,0.0,4376.79
2010-11-04,RB1105,ÂÝÎÆ¸Ö1105,1022071.4,0.07,10.0,4606.0,161353.0,1022071.4,317.0,4555.1,-0.0,0.0,0.0,4376.79
2010-11-05,RB1105,ÂÝÎÆ¸Ö1105,1044705.2,0.07,10.0,4708.0,484693.0,1044705.2,317.0,4555.1,-0.0,0.0,0.0,4376.79
2010-11-08,RB1105,ÂÝÎÆ¸Ö1105,1044927.1,0.07,10.0,4709.0,487863.0,1044927.1,317.0,4555.1,-0.0,0.0,0.0,4376.79
2010-11-09,RB1105,ÂÝÎÆ¸Ö1105,1077102.6,0.07,10.0,4854.0,947513.0,1077102.6,317.0,4555.1,-0.0,0.0,0.0,4376.79
2010-11-10,RB1105,ÂÝÎÆ¸Ö1105,1058463.0,0.07,10.0,4770.0,681233.0,1058463.0,317.0,4555.1,-0.0,0.0,0.0,4376.79
2010-11-11,RB1105,ÂÝÎÆ¸Ö1105,1063566.7,0.07,10.0,4793.0,754143.0,1063566.7,317.0,4555.1,-0.0,0.0,0.0,4376.79
2010-11-12,RB1105,ÂÝÎÆ¸Ö1105,1028950.3,0.07,10.0,4637.0,259623.0,1028950.3,317.0,4555.1,-0.0,0.0,0.0,4376.79
2010-11-15,RB1105,ÂÝÎÆ¸Ö1105,1035607.3,0.07,10.0,4667.0,354723.0,1035607.3,317.0,4555.1,-0.0,0.0,0.0,4376.79
2010-11-16,RB1105,ÂÝÎÆ¸Ö1105,1030947.4,0.07,10.0,4646.0,288153.0,1030947.4,317.0,4555.1,-0.0,0.0,0.0,4376.79
2010-11-17,RB1105,ÂÝÎÆ¸Ö1105,990535.0,0.07,10.0,4550.0,-0.0,0.0,0.0,4555.1,-141505.0,990535.0,311.0,4504.5
2010-11-18,RB1105,ÂÝÎÆ¸Ö1105,955399.2,0.07,10.0,4611.0,-136485.6,955399.2,296.0,4657.11,-0.0,0.0,0.0,4504.5
2010-11-19,RB1105,ÂÝÎÆ¸Ö1105,962029.6,0.07,10.0,4643.0,-41765.6,962029.6,296.0,4657.11,-0.0,0.0,0.0,4504.5
2010-11-22,RB1105,ÂÝÎÆ¸Ö1105,962236.8,0.07,10.0,4644.0,-38805.6,962236.8,296.0,4657.11,-0.0,0.0,0.0,4504.5
2010-11-23,RB1105,ÂÝÎÆ¸Ö1105,935221.0,0.07,10.0,4607.0,-0.0,0.0,0.0,4657.11,-133603.0,935221.0,290.0,4560.93
2010-11-24,RB1105,ÂÝÎÆ¸Ö1105,897214.5,0.07,10.0,4695.0,-128173.5,897214.5,273.0,4741.95,-0.0,0.0,0.0,4560.93
2010-11-25,RB1105,ÂÝÎÆ¸Ö1105,894921.3,0.07,10.0,4683.0,-160933.5,894921.3,273.0,4741.95,-0.0,0.0,0.0,4560.93
2010-11-26,RB1105,ÂÝÎÆ¸Ö1105,872340.0,0.07,10.0,4650.0,-0.0,0.0,0.0,4741.95,-124620.0,872340.0,268.0,4603.5
2010-11-29,RB1105,ÂÝÎÆ¸Ö1105,849576.0,0.07,10.0,4668.0,-121368.0,849576.0,260.0,4714.68,-0.0,0.0,0.0,4603.5
2010-11-30,RB1105,ÂÝÎÆ¸Ö1105,827169.0,0.07,10.0,4634.0,-0.0,0.0,0.0,4714.68,-118167.0,827169.0,255.0,4587.66
2010-12-01,RB1105,ÂÝÎÆ¸Ö1105,802277.0,0.07,10.0,4678.0,-114611.0,802277.0,245.0,4724.78,-0.0,0.0,0.0,4587.66
2010-12-02,RB1105,ÂÝÎÆ¸Ö1105,803477.5,0.07,10.0,4685.0,-97461.0,803477.5,245.0,4724.78,-0.0,0.0,0.0,4587.66
2010-12-03,RB1105,ÂÝÎÆ¸Ö1105,810852.0,0.07,10.0,4728.0,7889.0,810852.0,245.0,4724.78,-0.0,0.0,0.0,4587.66
2010-12-06,RB1105,ÂÝÎÆ¸Ö1105,809308.5,0.07,10.0,4719.0,-14161.0,809308.5,245.0,4724.78,-0.0,0.0,0.0,4587.66
2010-12-07,RB1105,ÂÝÎÆ¸Ö1105,816340.0,0.07,10.0,4760.0,86289.0,816340.0,245.0,4724.78,-0.0,0.0,0.0,4587.66
2010-12-08,RB1105,ÂÝÎÆ¸Ö1105,808108.0,0.07,10.0,4712.0,-31311.0,808108.0,245.0,4724.78,-0.0,0.0,0.0,4587.66
2010-12-09,RB1105,ÂÝÎÆ¸Ö1105,808622.5,0.07,10.0,4715.0,-23961.0,808622.5,245.0,4724.78,-0.0,0.0,0.0,4587.66
2010-12-10,RB1105,ÂÝÎÆ¸Ö1105,810680.5,0.07,10.0,4727.0,5439.0,810680.5,245.0,4724.78,-0.0,0.0,0.0,4587.66
2010-12-13,RB1105,ÂÝÎÆ¸Ö1105,819598.5,0.07,10.0,4779.0,132839.0,819598.5,245.0,4724.78,-0.0,0.0,0.0,4587.66
2010-12-14,RB1105,ÂÝÎÆ¸Ö1105,820113.0,0.07,10.0,4782.0,140189.0,820113.0,245.0,4724.78,-0.0,0.0,0.0,4587.66
2010-12-15,RB1105,ÂÝÎÆ¸Ö1105,818398.0,0.07,10.0,4772.0,115689.0,818398.0,245.0,4724.78,-0.0,0.0,0.0,4587.66
2010-12-16,RB1105,ÂÝÎÆ¸Ö1105,817540.5,0.07,10.0,4767.0,103439.0,817540.5,245.0,4724.78,-0.0,0.0,0.0,4587.66
2010-12-17,RB1105,ÂÝÎÆ¸Ö1105,821656.5,0.07,10.0,4791.0,162239.0,821656.5,245.0,4724.78,-0.0,0.0,0.0,4587.66
2010-12-20,RB1105,ÂÝÎÆ¸Ö1105,823371.5,0.07,10.0,4801.0,186739.0,823371.5,245.0,4724.78,-0.0,0.0,0.0,4587.66
2010-12-21,RB1105,ÂÝÎÆ¸Ö1105,826973.0,0.07,10.0,4822.0,238189.0,826973.0,245.0,4724.78,-0.0,0.0,0.0,4587.66
2010-12-22,RB1105,ÂÝÎÆ¸Ö1105,822171.0,0.07,10.0,4794.0,169589.0,822171.0,245.0,4724.78,-0.0,0.0,0.0,4587.66
2010-12-23,RB1105,ÂÝÎÆ¸Ö1105,818741.0,0.07,10.0,4774.0,120589.0,818741.0,245.0,4724.78,-0.0,0.0,0.0,4587.66
2010-12-24,RB1105,ÂÝÎÆ¸Ö1105,816683.0,0.07,10.0,4762.0,91189.0,816683.0,245.0,4724.78,-0.0,0.0,0.0,4587.66
2010-12-27,RB1105,ÂÝÎÆ¸Ö1105,795312.0,0.07,10.0,4734.0,0.0,0.0,0.0,4724.78,-113616.0,795312.0,240.0,4686.66
2010-12-28,RB1105,ÂÝÎÆ¸Ö1105,796992.0,0.07,10.0,4744.0,0.0,0.0,0.0,4724.78,-137616.0,796992.0,240.0,4686.66
2010-12-29,RB1105,ÂÝÎÆ¸Ö1105,771309.0,0.07,10.0,4770.0,-110187.0,771309.0,231.0,4817.7,-0.0,0.0,0.0,4686.66
2010-12-30,RB1105,ÂÝÎÆ¸Ö1105,774704.7,0.07,10.0,4791.0,-61677.0,774704.7,231.0,4817.7,-0.0,0.0,0.0,4686.66
2010-12-31,RB1105,ÂÝÎÆ¸Ö1105,778100.4,0.07,10.0,4812.0,-13167.0,778100.4,231.0,4817.7,-0.0,0.0,0.0,4686.66
2011-01-04,RB1105,ÂÝÎÆ¸Ö1105,779717.4,0.07,10.0,4822.0,9933.0,779717.4,231.0,4817.7,-0.0,0.0,0.0,4686.66
2011-01-05,RB1105,ÂÝÎÆ¸Ö1105,775028.1,0.07,10.0,4793.0,-57057.0,775028.1,231.0,4817.7,-0.0,0.0,0.0,4686.66
2011-01-06,RB1105,ÂÝÎÆ¸Ö1105,777615.3,0.07,10.0,4809.0,-20097.0,777615.3,231.0,4817.7,-0.0,0.0,0.0,4686.66
2011-01-07,RB1105,ÂÝÎÆ¸Ö1105,775028.1,0.07,10.0,4793.0,-57057.0,775028.1,231.0,4817.7,-0.0,0.0,0.0,4686.66
2011-01-10,RB1105,ÂÝÎÆ¸Ö1105,781657.8,0.07,10.0,4834.0,37653.0,781657.8,231.0,4817.7,-0.0,0.0,0.0,4686.66
2011-01-11,RB1105,ÂÝÎÆ¸Ö1105,783113.1,0.07,10.0,4843.0,58443.0,783113.1,231.0,4817.7,-0.0,0.0,0.0,4686.66
2011-01-12,RB1105,ÂÝÎÆ¸Ö1105,783759.9,0.07,10.0,4847.0,67683.0,783759.9,231.0,4817.7,-0.0,0.0,0.0,4686.66
2011-01-13,RB1105,ÂÝÎÆ¸Ö1105,786023.7,0.07,10.0,4861.0,100023.0,786023.7,231.0,4817.7,-0.0,0.0,0.0,4686.66
2011-01-14,RB1105,ÂÝÎÆ¸Ö1105,792815.1,0.07,10.0,4903.0,197043.0,792815.1,231.0,4817.7,-0.0,0.0,0.0,4686.66
2011-01-17,RB1105,ÂÝÎÆ¸Ö1105,795402.3,0.07,10.0,4919.0,234003.0,795402.3,231.0,4817.7,-0.0,0.0,0.0,4686.66
2011-01-18,RB1105,ÂÝÎÆ¸Ö1105,794432.1,0.07,10.0,4913.0,220143.0,794432.1,231.0,4817.7,-0.0,0.0,0.0,4686.66
2011-01-19,RB1105,ÂÝÎÆ¸Ö1105,797342.7,0.07,10.0,4931.0,261723.0,797342.7,231.0,4817.7,-0.0,0.0,0.0,4686.66
2011-01-20,RB1105,ÂÝÎÆ¸Ö1105,795240.6,0.07,10.0,4918.0,231693.0,795240.6,231.0,4817.7,-0.0,0.0,0.0,4686.66
2011-01-21,RB1105,ÂÝÎÆ¸Ö1105,800415.0,0.07,10.0,4950.0,305613.0,800415.0,231.0,4817.7,-0.0,0.0,0.0,4686.66
2011-01-24,RB1105,ÂÝÎÆ¸Ö1105,802840.5,0.07,10.0,4965.0,340263.0,802840.5,231.0,4817.7,-0.0,0.0,0.0,4686.66
2011-01-25,RB1105,ÂÝÎÆ¸Ö1105,803163.9,0.07,10.0,4967.0,344883.0,803163.9,231.0,4817.7,-0.0,0.0,0.0,4686.66
2011-01-26,RB1105,ÂÝÎÆ¸Ö1105,800253.3,0.07,10.0,4949.0,303303.0,800253.3,231.0,4817.7,-0.0,0.0,0.0,4686.66
2011-01-27,RB1105,ÂÝÎÆ¸Ö1105,797181.0,0.07,10.0,4930.0,259413.0,797181.0,231.0,4817.7,-0.0,0.0,0.0,4686.66
2011-01-28,RB1105,ÂÝÎÆ¸Ö1105,798151.2,0.07,10.0,4936.0,273273.0,798151.2,231.0,4817.7,-0.0,0.0,0.0,4686.66
2011-01-31,RB1105,ÂÝÎÆ¸Ö1105,807853.2,0.07,10.0,4996.0,411873.0,807853.2,231.0,4817.7,-0.0,0.0,0.0,4686.66
2011-02-01,RB1105,ÂÝÎÆ¸Ö1105,812057.4,0.07,10.0,5022.0,471933.0,812057.4,231.0,4817.7,-0.0,0.0,0.0,4686.66
2011-02-09,RB1105,ÂÝÎÆ¸Ö1105,810602.1,0.07,10.0,5013.0,451143.0,810602.1,231.0,4817.7,-0.0,0.0,0.0,4686.66
2011-02-10,RB1105,ÂÝÎÆ¸Ö1105,0.0,0.07,10.0,5061.0,0.0,0.0,0.0,4817.7,-0.0,0.0,0.0,4686.66
2011-02-10,RB1110,ÂÝÎÆ¸Ö1110,838899.6,0.07,10.0,5188.0,-119842.8,838899.6,231.0,5239.88,-0.0,0.0,0.0,0.0
2011-02-11,RB1110,ÂÝÎÆ¸Ö1110,835503.9,0.07,10.0,5167.0,-168352.8,835503.9,231.0,5239.88,-0.0,0.0,0.0,0.0
2011-02-14,RB1110,ÂÝÎÆ¸Ö1110,833240.1,0.07,10.0,5153.0,-200692.8,833240.1,231.0,5239.88,-0.0,0.0,0.0,0.0
2011-02-15,RB1110,ÂÝÎÆ¸Ö1110,833886.9,0.07,10.0,5157.0,-191452.8,833886.9,231.0,5239.88,-0.0,0.0,0.0,0.0
2011-02-16,RB1110,ÂÝÎÆ¸Ö1110,824993.4,0.07,10.0,5102.0,-318502.8,824993.4,231.0,5239.88,-0.0,0.0,0.0,0.0
2011-02-17,RB1110,ÂÝÎÆ¸Ö1110,0.0,0.07,10.0,5018.0,-0.0,0.0,0.0,5239.88,-0.0,0.0,0.0,0.0
2014-03-05,RB1410,ÂÝÎÆ¸Ö1410,537411.0,0.05,10.0,3423.0,0.0,0.0,0.0,0.0,-107482.2,537411.0,314.0,3388.77
2014-03-06,RB1410,ÂÝÎÆ¸Ö1410,531916.0,0.05,10.0,3388.0,0.0,0.0,0.0,0.0,2417.8,531916.0,314.0,3388.77
2014-03-07,RB1410,ÂÝÎÆ¸Ö1410,523595.0,0.05,10.0,3335.0,0.0,0.0,0.0,0.0,168837.8,523595.0,314.0,3388.77
2014-03-10,RB1410,ÂÝÎÆ¸Ö1410,505697.0,0.05,10.0,3221.0,0.0,0.0,0.0,0.0,526797.8,505697.0,314.0,3388.77
2014-03-11,RB1410,ÂÝÎÆ¸Ö1410,508052.0,0.05,10.0,3236.0,0.0,0.0,0.0,0.0,479697.8,508052.0,314.0,3388.77
2014-03-12,RB1410,ÂÝÎÆ¸Ö1410,510878.0,0.05,10.0,3254.0,0.0,0.0,0.0,0.0,423177.8,510878.0,314.0,3388.77
2014-03-13,RB1410,ÂÝÎÆ¸Ö1410,515588.0,0.05,10.0,3284.0,0.0,0.0,0.0,0.0,328977.8,515588.0,314.0,3388.77
2014-03-14,RB1410,ÂÝÎÆ¸Ö1410,512134.0,0.05,10.0,3262.0,0.0,0.0,0.0,0.0,398057.8,512134.0,314.0,3388.77
2014-03-17,RB1410,ÂÝÎÆ¸Ö1410,506953.0,0.05,10.0,3229.0,0.0,0.0,0.0,0.0,501677.8,506953.0,314.0,3388.77
2014-03-18,RB1410,ÂÝÎÆ¸Ö1410,508680.0,0.05,10.0,3240.0,0.0,0.0,0.0,0.0,467137.8,508680.0,314.0,3388.77
2014-03-19,RB1410,ÂÝÎÆ¸Ö1410,508994.0,0.05,10.0,3242.0,0.0,0.0,0.0,0.0,460857.8,508994.0,314.0,3388.77
2014-03-20,RB1410,ÂÝÎÆ¸Ö1410,507110.0,0.05,10.0,3230.0,0.0,0.0,0.0,0.0,498537.8,507110.0,314.0,3388.77
2014-03-21,RB1410,ÂÝÎÆ¸Ö1410,505540.0,0.05,10.0,3220.0,0.0,0.0,0.0,0.0,529937.8,505540.0,314.0,3388.77
2014-03-24,RB1410,ÂÝÎÆ¸Ö1410,504441.0,0.05,10.0,3213.0,0.0,0.0,0.0,0.0,551917.8,504441.0,314.0,3388.77
2014-03-25,RB1410,ÂÝÎÆ¸Ö1410,516059.0,0.05,10.0,3287.0,0.0,0.0,0.0,0.0,319557.8,516059.0,314.0,3388.77
2014-03-26,RB1410,ÂÝÎÆ¸Ö1410,514175.0,0.05,10.0,3275.0,0.0,0.0,0.0,0.0,357237.8,514175.0,314.0,3388.77
2014-03-27,RB1410,ÂÝÎÆ¸Ö1410,513233.0,0.05,10.0,3269.0,0.0,0.0,0.0,0.0,376077.8,513233.0,314.0,3388.77
2014-03-28,RB1410,ÂÝÎÆ¸Ö1410,548962.0,0.05,10.0,3307.0,-109792.4,548962.0,332.0,3340.07,0.0,0.0,0.0,3388.77
2014-03-31,RB1410,ÂÝÎÆ¸Ö1410,552448.0,0.05,10.0,3328.0,-40072.4,552448.0,332.0,3340.07,0.0,0.0,0.0,3388.77
2014-04-01,RB1410,ÂÝÎÆ¸Ö1410,552946.0,0.05,10.0,3331.0,-30112.4,552946.0,332.0,3340.07,0.0,0.0,0.0,3388.77
2014-04-02,RB1410,ÂÝÎÆ¸Ö1410,550622.0,0.05,10.0,3317.0,-76592.4,550622.0,332.0,3340.07,0.0,0.0,0.0,3388.77
2014-04-03,RB1410,ÂÝÎÆ¸Ö1410,553776.0,0.05,10.0,3336.0,-13512.4,553776.0,332.0,3340.07,0.0,0.0,0.0,3388.77
2014-04-04,RB1410,ÂÝÎÆ¸Ö1410,559752.0,0.05,10.0,3372.0,106007.6,559752.0,332.0,3340.07,0.0,0.0,0.0,3388.77
2014-04-08,RB1410,ÂÝÎÆ¸Ö1410,566724.0,0.05,10.0,3414.0,245447.6,566724.0,332.0,3340.07,-0.0,0.0,0.0,3388.77
2014-04-09,RB1410,ÂÝÎÆ¸Ö1410,561744.0,0.05,10.0,3384.0,145847.6,561744.0,332.0,3340.07,0.0,0.0,0.0,3388.77
2014-04-10,RB1410,ÂÝÎÆ¸Ö1410,559088.0,0.05,10.0,3368.0,92727.6,559088.0,332.0,3340.07,0.0,0.0,0.0,3388.77
2014-04-11,RB1410,ÂÝÎÆ¸Ö1410,557760.0,0.05,10.0,3360.0,66167.6,557760.0,332.0,3340.07,0.0,0.0,0.0,3388.77
2014-04-14,RB1410,ÂÝÎÆ¸Ö1410,557760.0,0.05,10.0,3360.0,66167.6,557760.0,332.0,3340.07,0.0,0.0,0.0,3388.77
2014-04-15,RB1410,ÂÝÎÆ¸Ö1410,559254.0,0.05,10.0,3369.0,96047.6,559254.0,332.0,3340.07,0.0,0.0,0.0,3388.77
2014-04-16,RB1410,ÂÝÎÆ¸Ö1410,552614.0,0.05,10.0,3329.0,-36752.4,552614.0,332.0,3340.07,0.0,0.0,0.0,3388.77
2014-04-17,RB1410,ÂÝÎÆ¸Ö1410,551784.0,0.05,10.0,3324.0,-53352.4,551784.0,332.0,3340.07,0.0,0.0,0.0,3388.77
2014-04-18,RB1410,ÂÝÎÆ¸Ö1410,0.0,0.05,10.0,3245.0,-0.0,0.0,0.0,3340.07,0.0,0.0,0.0,3388.77
